org_id,supplier_name,name_with_id
369,Cal Am Water Company - Garrapata,Cal Am Water Company - Garrapata - 369
2444,Tahoe City Public Utility District - Timberland,Tahoe City Public Utility District - Timberland - 2444
2444,Tahoe City Public Utility District - Madden Creek,Tahoe City Public Utility District - Madden Creek - 2444
2000,Temecula - Vail Lake Koa,Temecula - Vail Lake Koa - 2000
2401,Suburban Water Systems - Covina Knolls,Suburban Water Systems - Covina Knolls - 2401
1631,City Of Modesto - Central Turlock,City Of Modesto - Central Turlock - 1631
372,Cal Am - Security Park,Cal Am - Security Park - 372
2444,Tahoe City Public Utility District - Alpine Peaks,Tahoe City Public Utility District - Alpine Peaks - 2444
372,Cal Am - Walnut Grove,Cal Am - Walnut Grove - 372
1752,North Tahoe Public Utility District - Dollar Cove,North Tahoe Public Utility District - Dollar Cove - 1752
1752,North Tahoe Public Utility District - Carnelian Woods,North Tahoe Public Utility District - Carnelian Woods - 1752
372,Cal Am - Isleton,Cal Am - Isleton - 372
2444,Tahoe City Public Utility District - Mckinney - Quail,Tahoe City Public Utility District - Mckinney - Quail - 2444
1444,City Of Livingston,City Of Livingston - 1444
241,City Of Blythe,City Of Blythe - 241
2107,Rosamond Community Services District,Rosamond Community Services District - 2107
1059,Gswc - South San Gabriel,Gswc - South San Gabriel - 1059
1718,"Nevada Id - E. George, Banner Mountain","Nevada Id - E. George, Banner Mountain - 1718"
1388,City Of Lathrop,City Of Lathrop - 1388
2118,Rubidoux Community Services District,Rubidoux Community Services District - 2118
368,Cal Am Water Company - Baldwin Hills,Cal Am Water Company - Baldwin Hills - 368
2345,City Of South Pasadena,City Of South Pasadena - 2345
583,Coastside County Water District,Coastside County Water District - 583
1032,"Gswc - Bell, Bell Gardens","Gswc - Bell, Bell Gardens - 1032"
1058,Gswc - South Arcadia,Gswc - South Arcadia - 1058
368,Cal Am Water Company - Duarte,Cal Am Water Company - Duarte - 368
286,City Of Burlingame,City Of Burlingame - 286
1038,Gswc - Culver City,Gswc - Culver City - 1038
1049,Gswc - Norwalk,Gswc - Norwalk - 1049
1639,"Monrovia - City, Water Department","Monrovia - City, Water Department - 1639"
1041,Gswc - Florence - Graham,Gswc - Florence - Graham - 1041
1459,Lompoc - City Water Utility Div,Lompoc - City Water Utility Div - 1459
2626,Vaughn Water Company Inc,Vaughn Water Company Inc - 2626
372,Cal Am - Antelope,Cal Am - Antelope - 372
107,Atascadero Mutual Water Company,Atascadero Mutual Water Company - 107
1029,Gswc - Artesia,Gswc - Artesia - 1029
1034,Gswc - Claremont,Gswc - Claremont - 1034
1053,Golden State Water Company - Placentia - Yorba Linda,Golden State Water Company - Placentia - Yorba Linda - 1053
1052,Golden State Water Company - Orcutt,Golden State Water Company - Orcutt - 1052
2512,"Truckee - Donner Public Utility District, Main","Truckee - Donner Public Utility District, Main - 2512"
995,City Of Gilroy,City Of Gilroy - 995
1036,Golden State Water Co. - Cordova,Golden State Water Co. - Cordova - 1036
368,Cal Am Water Company - San Marino,Cal Am Water Company - San Marino - 368
372,Cal Am - Parkway,Cal Am - Parkway - 372
372,Cal Am - Lincoln Oaks,Cal Am - Lincoln Oaks - 372
2669,City Of Watsonville,City Of Watsonville - 2669
1054,Gswc - San Dimas,Gswc - San Dimas - 1054
372,Cal Am - Suburban Rosemont,Cal Am - Suburban Rosemont - 372
1671,City Of Mountain View,City Of Mountain View - 1671
904,City Of Folsom Main,City Of Folsom Main - 904
2213,Santa Cruz Water Department,Santa Cruz Water Department - 2213
1450,City Of Lodi,City Of Lodi - 1450
1701,City Of Napa,City Of Napa - 1701
2210,City Of Santa Clara,City Of Santa Clara - 2210
1062,Golden State Water Company - West Orange County,Golden State Water Company - West Orange County - 1062
867,City Of Fairfield,City Of Fairfield - 867
2381,City Of Stockton,City Of Stockton - 2381
1060,Gswc - Southwest,Gswc - Southwest - 1060
2083,City Of Riverside,City Of Riverside - 2083
577,Coachella Valley Water: Cove Community,Coachella Valley Water: Cove Community - 577
372,Cal Am - West Placer,Cal Am - West Placer - 372
372,Cal Am - Arden,Cal Am - Arden - 372
577,Coachella Valley Water: Irrigation District. No. 8,Coachella Valley Water: Irrigation District. No. 8 - 577
1718,Nevada Id - Lake Of Pines,Nevada Id - Lake Of Pines - 1718
1697,Myoma Dunes Mutual Water Company,Myoma Dunes Mutual Water Company - 1697
2444,Tahoe City Public Utility District - Main,Tahoe City Public Utility District - Main - 2444
1718,Nevada Id - North Auburn,Nevada Id - North Auburn - 1718
2789,City Of Yreka,City Of Yreka - 2789
1718,Nevada Id - Lake Wildwood,Nevada Id - Lake Wildwood - 1718
1752,North Tahoe Public Utility District - Main,North Tahoe Public Utility District - Main - 1752
821,"El Monte - City, Water Department","El Monte - City, Water Department - 821"
1533,Mammoth Cwd,Mammoth Cwd - 1533
4231,Mountain House Community Services District,Mountain House Community Services District - 4231
2432,City Of Susanville,City Of Susanville - 2432
1718,Nevada Id - Loma Rica,Nevada Id - Loma Rica - 1718
1631,City Of Modesto - North Turlock,City Of Modesto - North Turlock - 1631
1631,City Of Modesto - Walnut Manor,City Of Modesto - Walnut Manor - 1631
427,Cws - Tulco Water Company,Cws - Tulco Water Company - 427
1631,City Of Modesto - Grayson,City Of Modesto - Grayson - 1631
1631,City Of Modesto - South Turlock,City Of Modesto - South Turlock - 1631
1631,City Of Modesto - Del Rio,City Of Modesto - Del Rio - 1631
372,Cal Am - Dunnigan,Cal Am - Dunnigan - 372
2704,City Of Westminster,City Of Westminster - 2704
1083,Great Oaks Water Company Inc,Great Oaks Water Company Inc - 1083
673,City Of Daly City,City Of Daly City - 673
117,Azusa Light And Water,Azusa Light And Water - 117
1596,Mesa Water District,Mesa Water District - 1596
748,"Downey - City, Water Department","Downey - City, Water Department - 748"
2174,City Of San Jose - Evg - Edv - Coy,City Of San Jose - Evg - Edv - Coy - 2174
2037,City Of Redwood City,City Of Redwood City - 2037
420,California Water Service - San Mateo,California Water Service - San Mateo - 420
1849,Palmdale Water District,Palmdale Water District - 1849
285,"Burbank - City, Water Department","Burbank - City, Water Department - 285"
2661,Walnut Valley Water District,Walnut Valley Water District - 2661
2597,City Of Vacaville,City Of Vacaville - 2597
2209,City Of Santa Barbara Water Department,City Of Santa Barbara Water Department - 2209
392,California Water Service Co. - Ela,California Water Service Co. - Ela - 392
396,California Water Service Co. - Herm - Redo,California Water Service Co. - Herm - Redo - 396
1945,"Pomona - City, Water Department","Pomona - City, Water Department - 1945"
4993,Santa Clarita Valley W.a. - Valencia Divis,Santa Clarita Valley W.a. - Valencia Divis - 4993
4993,Santa Clarita Valley W.a. - Santa Clarita,Santa Clarita Valley W.a. - Santa Clarita - 4993
2425,City Of Sunnyvale,City Of Sunnyvale - 2425
391,California Water Service Co. - Dominguez,California Water Service Co. - Dominguez - 391
1004,"Glendale - City, Water Department","Glendale - City, Water Department - 1004"
977,City Of Garden Grove,City Of Garden Grove - 977
2603,City Of Vallejo,City Of Vallejo - 2603
123,City Of Bakersfield,City Of Bakersfield - 123
624,City Of Corona,City Of Corona - 624
2000,Rancho California Water District,Rancho California Water District - 2000
2132,Sacramento County Water Agency - Laguna - Vineyard,Sacramento County Water Agency - Laguna - Vineyard - 2132
2207,City Of Santa Ana,City Of Santa Ana - 2207
424,California Water Service - Stockton,California Water Service - Stockton - 424
2167,San Gabriel Valley Water Co. - El Monte,San Gabriel Valley Water Co. - El Monte - 2167
2140,Sacramento Suburban Water District,Sacramento Suburban Water District - 2140
2217,Santa Margarita Water District,Santa Margarita Water District - 2217
1663,Moulton Niguel Water District,Moulton Niguel Water District - 1663
1546,Marin Municipal Water District,Marin Municipal Water District - 1546
386,Cws - Bakersfield,Cws - Bakersfield - 386
1464,Long Beach Utilities Department,Long Beach Utilities Department - 1464
2130,City Of Sacramento Main,City Of Sacramento Main - 2130
2175,San Jose Water,San Jose Water - 2175
1473,"Los Angeles - City, Department. Of Water & Power","Los Angeles - City, Department. Of Water & Power - 1473"
445,Cambria Comm Services District,Cambria Comm Services District - 445
2633,"Vernon - City, Water Department","Vernon - City, Water Department - 2633"
397,Cws Southlake System,Cws Southlake System - 397
2180,San Lorenzo Valley Water District - Felton Water System,San Lorenzo Valley Water District - Felton Water System - 2180
2167,San Gabriel Valley Water Co - Montebello 1,San Gabriel Valley Water Co - Montebello 1 - 2167
2174,City Of San Jose - Nsj - Alviso,City Of San Jose - Nsj - Alviso - 2174
397,Cws - Kernville,Cws - Kernville - 397
1094,Greenfield County Water District,Greenfield County Water District - 1094
390,California Water Service Co. - Dixon,California Water Service Co. - Dixon - 390
2298,"Signal Hill - City, Water Department","Signal Hill - City, Water Department - 2298"
2132,Sacramento County Water Agency - Arden Park Vista,Sacramento County Water Agency - Arden Park Vista - 2132
102,Arvin Community Services District,Arvin Community Services District - 102
2290,"Sierra Madre - City, Water Department","Sierra Madre - City, Water Department - 2290"
2691,Westborough Water District,Westborough Water District - 2691
1644,Montebello Land & Water Co,Montebello Land & Water Co - 1644
787,City Of East Palo Alto,City Of East Palo Alto - 787
2169,City Of San Jacinto,City Of San Jacinto - 2169
1587,Menlo Park Municipal Water,Menlo Park Municipal Water - 1587
1181,Town Of Hillsborough,Town Of Hillsborough - 1181
485,Carpinteria Valley Water District,Carpinteria Valley Water District - 485
1869,Liberty Utilities - Lynwood,Liberty Utilities - Lynwood - 1869
2065,City Of Ripon,City Of Ripon - 2065
2060,Rio Linda - Elverta Community Water District,Rio Linda - Elverta Community Water District - 2060
372,Cal Am - Fruitridge Vista,Cal Am - Fruitridge Vista - 372
1408,Temescal Valley Water District,Temescal Valley Water District - 1408
1110,City Of Grover Beach Public Works Department,City Of Grover Beach Public Works Department - 1110
2132,Sacramento County Water Agency Mather - Sunrise,Sacramento County Water Agency Mather - Sunrise - 2132
2241,City Of Seal Beach,City Of Seal Beach - 2241
1660,Morro Bay Public Works Department - Water Division,Morro Bay Public Works Department - Water Division - 1660
2215,"Santa Fe Springs - City, Water Department","Santa Fe Springs - City, Water Department - 2215"
1217,"Huntington Park - City, Water Department","Huntington Park - City, Water Department - 1217"
1803,Orange Vale Water Company,Orange Vale Water Company - 1803
1983,Quartz Hill Water District,Quartz Hill Water District - 1983
2180,San Lorenzo Valley Water District,San Lorenzo Valley Water District - 2180
1188,City Of Hollister,City Of Hollister - 1188
1142,Hawthorne - City Of City Water Department,Hawthorne - City Of City Water Department - 1142
2419,Sunny Slope Water Co,Sunny Slope Water Co - 2419
386,Cws - North Garden,Cws - North Garden - 386
1866,"Paramount - City, Water Department","Paramount - City, Water Department - 1866"
1732,City Of Norco,City Of Norco - 1732
784,East Niles Community Services District,East Niles Community Services District - 784
856,Estero Municipal Improvement District,Estero Municipal Improvement District - 856
1605,Mid - Peninsula Water District,Mid - Peninsula Water District - 1605
1782,Oildale Mutual Water Company,Oildale Mutual Water Company - 1782
575,Coachella Water Authority,Coachella Water Authority - 575
1927,Placer Cwa - Auburn - Bowman,Placer Cwa - Auburn - Bowman - 1927
2405,Suisun - Solano Water Authority,Suisun - Solano Water Authority - 2405
2165,San Gabriel County Water District,San Gabriel County Water District - 2165
1335,Laguna Beach County Water District,Laguna Beach County Water District - 1335
1157,City Of Hemet,City Of Hemet - 1157
1899,"Pico Rivera - City, Water Department","Pico Rivera - City, Water Department - 1899"
178,City Of Benicia,City Of Benicia - 178
830,El Toro Water District,El Toro Water District - 830
420,California Water Service - San Carlos,California Water Service - San Carlos - 420
1875,Paso Robles Water Department,Paso Robles Water Department - 1875
193,"Beverly Hills - City, Water Department","Beverly Hills - City, Water Department - 193"
2177,City Of San Juan Capistrano,City Of San Juan Capistrano - 2177
481,Carmichael Water District,Carmichael Water District - 481
2723,"Whittier - City, Water Department","Whittier - City, Water Department - 2723"
2157,City Of San Bruno,City Of San Bruno - 2157
1234,Indian Wells Valley W.d,Indian Wells Valley W.d - 1234
263,City Of Brea,City Of Brea - 263
1739,North Coast County Water District,North Coast County Water District - 1739
835,Elk Grove Water District,Elk Grove Water District - 835
2605,Valley County Water District,Valley County Water District - 2605
1626,Mission Springs Water District,Mission Springs Water District - 1626
1536,"Manhattan Beach - City, Water Department","Manhattan Beach - City, Water Department - 1536"
1650,"Monterey Park - City, Water Department","Monterey Park - City, Water Department - 1650"
1005,"Glendora - City, Water Department","Glendora - City, Water Department - 1005"
1510,City Of Madera,City Of Madera - 1510
93,City Of Arcadia,City Of Arcadia - 93
2115,Rowland Water District,Rowland Water District - 2115
2528,City Of Tustin,City Of Tustin - 2528
607,"Compton - City, Water Department","Compton - City, Water Department - 607"
2182,San Luis Obispo Water Department,San Luis Obispo Water Department - 2182
1619,City Of Milpitas,City Of Milpitas - 1619
2330,Soquel Creek Water District,Soquel Creek Water District - 2330
1125,City Of Hanford,City Of Hanford - 1125
422,California Water Service - S San Francisco,California Water Service - S San Francisco - 422
1869,Liberty Utilities - Bellflower - Norwalk,Liberty Utilities - Bellflower - Norwalk - 1869
30,City Of Alhambra,City Of Alhambra - 30
387,California Water Service - Bear Gulch,California Water Service - Bear Gulch - 387
402,Cwsc Los Altos Suburban,Cwsc Los Altos Suburban - 402
1851,City Of Palo Alto,City Of Palo Alto - 1851
1748,North Marin Water District,North Marin Water District - 1748
1236,Indio Water Authority,Indio Water Authority - 1236
727,Desert Water Agency,Desert Water Agency - 727
1927,Placer Cwa - Foothill,Placer Cwa - Foothill - 1927
2782,Yorba Linda Water District,Yorba Linda Water District - 2782
2496,City Of Tracy,City Of Tracy - 2496
413,California Water Service Co. - Palos Ver,California Water Service Co. - Palos Ver - 413
369,Cal Am Water Company - Ralph Lane,Cal Am Water Company - Ralph Lane - 369
369,Cal Am Water Company - Chualar,Cal Am Water Company - Chualar - 369
369,Cal Am Water Company - Ambler Park,Cal Am Water Company - Ambler Park - 369
369,Cal Am Water Company - Toro,Cal Am Water Company - Toro - 369
369,Cal Am Water Company - Hidden Hills,Cal Am Water Company - Hidden Hills - 369
417,Country Meadows Mutual Water Company,Country Meadows Mutual Water Company - 417
417,Cwsc Las Lomas,Cwsc Las Lomas - 417
417,Cwsc Oak Hills,Cwsc Oak Hills - 417
2603,City Of Vallejo - Lakes System,City Of Vallejo - Lakes System - 2603
2451,City Of Tehachapi,City Of Tehachapi - 2451
2237,Scotts Valley Water District,Scotts Valley Water District - 2237
2063,City Of Rio Vista,City Of Rio Vista - 2063
2260,City Of Shafter,City Of Shafter - 2260
1333,"La Verne, City Water District","La Verne, City Water District - 1333"
1238,"Inglewood - City, Water Department","Inglewood - City, Water Department - 1238"
1424,City Of Lincoln,City Of Lincoln - 1424
110,City Of Atwater,City Of Atwater - 110
2523,Tuolumne Utilities District - Wards Ferry Ranches,Tuolumne Utilities District - Wards Ferry Ranches - 2523
2523,Tuolumne Utilities District - Peaceful Pines Water System,Tuolumne Utilities District - Peaceful Pines Water System - 2523
1718,Nevada Id - Smartsville,Nevada Id - Smartsville - 1718
2523,Tuolumne Utilities District - Phoenix Lake Park,Tuolumne Utilities District - Phoenix Lake Park - 2523
2523,Tuolumne Utilities District - Apple Valley Estates,Tuolumne Utilities District - Apple Valley Estates - 2523
2523,Tuolumne Utilities District - Scenic View - Scenic Brook,Tuolumne Utilities District - Scenic View - Scenic Brook - 2523
2523,Tuolumne Utilities District - Ponderosa,Tuolumne Utilities District - Ponderosa - 2523
376,Cal American Water Company - Las Posas Estates,Cal American Water Company - Las Posas Estates - 376
2523,Tuolumne Utilities District - Cedar Ridge Water System,Tuolumne Utilities District - Cedar Ridge Water System - 2523
2523,Tuolumne Utilities District - Tuolumne Water System,Tuolumne Utilities District - Tuolumne Water System - 2523
2132,Hood Water Maintenance District [Sws],Hood Water Maintenance District [Sws] - 2132
2132,Northgate 880 [Sws],Northgate 880 [Sws] - 2132
2132,East Walnut Grove [Sws],East Walnut Grove [Sws] - 2132
495,Casitas Municipal Water District,Casitas Municipal Water District - 495
405,Cal - Water Service Co. - Marysville,Cal - Water Service Co. - Marysville - 405
1792,Olivehurst Public Utility District,Olivehurst Public Utility District - 1792
1427,Linda County Water District,Linda County Water District - 1427
2523,Tuolumne Utilities District - Sonora - Jamestown Water System,Tuolumne Utilities District - Sonora - Jamestown Water System - 2523
428,California Water Service Co - Westlake,California Water Service Co - Westlake - 428
1057,Golden State Water Company - Simi Valley,Golden State Water Company - Simi Valley - 1057
2683,City Of West Sacramento,City Of West Sacramento - 2683
376,Cal American Water Co,Cal American Water Co - 376
2523,Tuolumne Utilities District - Upper Basin Water System,Tuolumne Utilities District - Upper Basin Water System - 2523
2523,Tuolumne Utilities District - Columbia Water System,Tuolumne Utilities District - Columbia Water System - 2523
1792,Plumas Lake,Plumas Lake - 1792
495,Ojai Water System,Ojai Water System - 495
1109,Groveland Community Serv District,Groveland Community Serv District - 1109
1487,City Of Los Banos,City Of Los Banos - 1487
2381,Stockton East Water District,Stockton East Water District - 2381
2057,Rincon Del Diablo Mwd Id - 1,Rincon Del Diablo Mwd Id - 1 - 2057
13,City Of Adelanto,City Of Adelanto - 13
1547,Marina Coast Water District,Marina Coast Water District - 1547
25,Alco Water Service,Alco Water Service - 25
1030,Golden State Water Co - Barstow,Golden State Water Co - Barstow - 1030
2793,Yucaipa Valley Water District,Yucaipa Valley Water District - 2793
1964,City Of Poway,City Of Poway - 1964
1539,City Of Manteca,City Of Manteca - 1539
373,Cal Am Water Coronado,Cal Am Water Coronado - 373
2602,Vallecitos Water District,Vallecitos Water District - 2602
1793,Olivenhain Mwd,Olivenhain Mwd - 1793
2218,City Of Santa Maria Utilities Department,City Of Santa Maria Utilities Department - 2218
417,Cwsc Salinas,Cwsc Salinas - 417
2035,Redlands City Mud - Water Div,Redlands City Mud - Water Div - 2035
1166,Hesperia Water District,Hesperia Water District - 1166
851,City Of Escondido,City Of Escondido - 851
1589,City Of Merced,City Of Merced - 1589
1821,Otay Water District,Otay Water District - 1821
1154,Helix Water District,Helix Water District - 1154
2164,Sfpuc City Distribution Division,Sfpuc City Distribution Division - 2164
2057,Rincon Del Diablo Mwd Id - A,Rincon Del Diablo Mwd Id - A - 2057
417,Cwsc Salinas Hills,Cwsc Salinas Hills - 417
2273,City Of Shasta Lake,City Of Shasta Lake - 2273
2536,City Of Ukiah,City Of Ukiah - 2536
2424,Sunnyslope County Water District,Sunnyslope County Water District - 2424
57,City Of American Canyon,City Of American Canyon - 57
167,Bella Vista Water District,Bella Vista Water District - 167
198,Big Bear Lake Dwp - Big Bear System,Big Bear Lake Dwp - Big Bear System - 198
2214,Santa Fe Irrigation District,Santa Fe Irrigation District - 2214
1827,City Of Oxnard Water Department,City Of Oxnard Water Department - 1827
2122,Running Springs Water District,Running Springs Water District - 2122
2891,Sbdno County Service Area 70j,Sbdno County Service Area 70j - 2891
1093,City Of Greenfield,City Of Greenfield - 1093
2154,Sbdno County Service Area 64,Sbdno County Service Area 64 - 2154
2087,Riverside Highland Water Company,Riverside Highland Water Company - 2087
1270,Joshua Basin Water District,Joshua Basin Water District - 1270
2510,Triunfo Water & Sanitation District,Triunfo Water & Sanitation District - 2510
654,Crestline Village Cwd - Division 10,Crestline Village Cwd - Division 10 - 654
1452,City Of Loma Linda,City Of Loma Linda - 1452
1953,City Of Port Hueneme Water Department,City Of Port Hueneme Water Department - 1953
197,Big Bear City Community Services District,Big Bear City Community Services District - 197
1368,Lakeside Water District,Lakeside Water District - 1368
1896,Phelan Pinon Hills Community Services District,Phelan Pinon Hills Community Services District - 1896
2530,Twentynine Palms Water District,Twentynine Palms Water District - 2530
2222,City Of Santa Paula,City Of Santa Paula - 2222
1990,Rainbow Municipal Water District,Rainbow Municipal Water District - 1990
1343,Lake Arrowhead Community Services District,Lake Arrowhead Community Services District - 1343
467,Camrosa Water District,Camrosa Water District - 467
873,Fallbrook Public Utility District,Fallbrook Public Utility District - 873
1996,Ramona Municipal Water District,Ramona Municipal Water District - 1996
2604,Valley Center Mwd,Valley Center Mwd - 2604
1167,Hi Desert Water District,Hi Desert Water District - 1167
596,City Of Colton,City Of Colton - 596
2629,Ventura Cwwd No. 1 - Moorpark,Ventura Cwwd No. 1 - Moorpark - 2629
2162,San Dieguito Water District,San Dieguito Water District - 2162
1642,Monte Vista Water District,Monte Vista Water District - 1642
2049,City Of Rialto,City Of Rialto - 2049
2469,City Of Thousand Oaks Water Department,City Of Thousand Oaks Water Department - 2469
2541,City Of Upland,City Of Upland - 2541
2690,West Valley Water District,West Valley Water District - 2690
545,City Of Chino,City Of Chino - 545
793,East Valley Water District,East Valley Water District - 793
547,City Of Chino Hills,City Of Chino Hills - 547
1838,Padre Dam Mwd,Padre Dam Mwd - 1838
2631,Ventura Wwd No. 8 - Simi Valley,Ventura Wwd No. 8 - Simi Valley - 2631
478,Carlsbad Mwd,Carlsbad Mwd - 478
2649,Vista Irrigation District,Vista Irrigation District - 2649
2158,Ventura Water Department,Ventura Water Department - 2158
1795,Ontario Municipal Utilities Company,Ontario Municipal Utilities Company - 1795
2437,Sweetwater Authority,Sweetwater Authority - 2437
2635,Victorville Water District,Victorville Water District - 2635
369,Cal Am Water Company - Monterey,Cal Am Water Company - Monterey - 369
1777,City Of Oceanside,City Of Oceanside - 1777
2150,San Bernardino City,San Bernardino City - 2150
2166,San Gabriel Valley Water Company - Fontana,San Gabriel Valley Water Company - Fontana - 2166
664,Cucamonga Valley Water District,Cucamonga Valley Water District - 664
2160,City Of San Diego,City Of San Diego - 2160
1804,Orchard Dale Water District,Orchard Dale Water District - 1804
1456,"Lomita - City, Water Department","Lomita - City, Water Department - 1456"
827,"El Segundo - City, Water Department","El Segundo - City, Water Department - 827"
2163,"San Fernando - City, Water Department","San Fernando - City, Water Department - 2163"
99,City Of Arroyo Grande Utilities Division,City Of Arroyo Grande Utilities Division - 99
170,Bellflower - Somerset Mutual Water Company,Bellflower - Somerset Mutual Water Company - 170
1481,Los Angeles Cwwd 29 & 80 - Malibu,Los Angeles Cwwd 29 & 80 - Malibu - 1481
651,Crescenta Valley Cwd,Crescenta Valley Cwd - 651
644,"Covina - City, Water Department","Covina - City, Water Department - 644"
1506,"Lynwood - City, Water Department","Lynwood - City, Water Department - 1506"
2341,"South Gate - City, Water Department","South Gate - City, Water Department - 2341"
524,"Cerritos - City, Water Department","Cerritos - City, Water Department - 524"
1068,Goleta Water District,Goleta Water District - 1068
2220,"Santa Monica - City, Water Division","Santa Monica - City, Water Division - 2220"
1384,Las Virgenes Mwd,Las Virgenes Mwd - 1384
1370,"Lakewood - City, Water Department","Lakewood - City, Water Department - 1370"
1873,Pasadena Water And Power,Pasadena Water And Power - 1873
1484,Los Angeles Cwwd 40 Reg 4 & 34 Lancaster,Los Angeles Cwwd 40 Reg 4 & 34 Lancaster - 1484
4993,Santa Clarita Valley W.a. - Castaic Div,Santa Clarita Valley W.a. - Castaic Div - 4993
4993,Santa Clarita Valley W.a. - Pinetree Div,Santa Clarita Valley W.a. - Pinetree Div - 4993
1484,"Los Angeles Cwwd 40, R 24,27,33 - Pearblsm","Los Angeles Cwwd 40, R 24,27,33 - Pearblsm - 1484"
155,Bear Valley Community Services District,Bear Valley Community Services District - 155
2119,Rubio Canon Land & Water Association,Rubio Canon Land & Water Association - 2119
66,City Of Anderson,City Of Anderson - 66
1484,"Los Angeles Cwwd 40, Reg. 38 - Lake La","Los Angeles Cwwd 40, Reg. 38 - Lake La - 1484"
2618,Valley Water Co,Valley Water Co - 2618
4993,Santa Clarita Valley W.a. - Newhall Div,Santa Clarita Valley W.a. - Newhall Div - 4993
1731,Nipomo Comm Services District,Nipomo Comm Services District - 1731
1425,Lincoln Avenue Water Co,Lincoln Avenue Water Co - 1425
378,City Of California City,City Of California City - 378
1645,Montecito Water District,Montecito Water District - 1645
2679,West Kern Water District,West Kern Water District - 2679
2487,"Torrance - City, Water Department","Torrance - City, Water Department - 2487"
87,Liberty Utilities Av Ranchos Corporation,Liberty Utilities Av Ranchos Corporation - 87
2323,City Of Soledad,City Of Soledad - 2323
890,City Of Fillmore Water Department,City Of Fillmore Water Department - 890
443,City Of Camarillo Water Department,City Of Camarillo Water Department - 443
2766,City Of Woodland,City Of Woodland - 2766
678,City Of Davis,City Of Davis - 678
198,Big Bear Shores Rv Resort,Big Bear Shores Rv Resort - 198
2444,Tahoe City Public Utility District - Tahoe Cedars,Tahoe City Public Utility District - Tahoe Cedars - 2444
1730,City Of Newport Beach,City Of Newport Beach - 1730
967,City Of Fullerton,City Of Fullerton - 967
1927,Placer Cwa - Monte Vista,Placer Cwa - Monte Vista - 1927
1927,Placer Cwa - Applegate,Placer Cwa - Applegate - 1927
1927,Placer Cwa - Alta,Placer Cwa - Alta - 1927
1927,Placer Cwa - Colfax,Placer Cwa - Colfax - 1927
863,City Of Exeter,City Of Exeter - 863
2031,City Of Red Bluff,City Of Red Bluff - 2031
737,City Of Dinuba,City Of Dinuba - 737
1956,City Of Porterville,City Of Porterville - 1956
427,Cws - Mullen Water Company,Cws - Mullen Water Company - 427
1432,City Of Lindsay,City Of Lindsay - 1432
2516,City Of Tulare,City Of Tulare - 2516
427,Cws - Visalia,Cws - Visalia - 427
1877,City Of Patterson,City Of Patterson - 1877
2751,Town Of Windsor,Town Of Windsor - 2751
522,City Of Ceres,City Of Ceres - 522
2524,City Of Turlock,City Of Turlock - 2524
2224,City Of Santa Rosa,City Of Santa Rosa - 2224
2697,Western Mwd Id A - Rainbow,Western Mwd Id A - Rainbow - 2697
1626,Palm Springs Crest,Palm Springs Crest - 1626
1626,West Palm Springs Village,West Palm Springs Village - 1626
904,City Of Folsom Ashland,City Of Folsom Ashland - 904
388,Cal - Water Service Co. - Hamilton City,Cal - Water Service Co. - Hamilton City - 388
2490,Trabuco Canyon Water District,Trabuco Canyon Water District - 2490
1327,City Of La Palma,City Of La Palma - 1327
2334,South Coast Water District,South Coast Water District - 2334
924,City Of Fountain Valley,City Of Fountain Valley - 924
2159,City Of San Clemente,City Of San Clemente - 2159
283,City Of Buena Park,City Of Buena Park - 283
1797,City Of Orange,City Of Orange - 1797
2111,City Of Roseville,City Of Roseville - 2111
64,City Of Anaheim,City Of Anaheim - 64
1245,Irvine Ranch Water District,Irvine Ranch Water District - 1245
55,"Awa, Ione","Awa, Ione - 55"
55,"Awa, Tanner","Awa, Tanner - 55"
794,Eastern Municipal Water District,Eastern Municipal Water District - 794
2697,Western Mwd - Murrieta Division,Western Mwd - Murrieta Division - 2697
2179,San Juan Water District,San Juan Water District - 2179
129,City Of Banning,City Of Banning - 129
1324,City Of La Habra,City Of La Habra - 1324
866,Fair Oaks Water District,Fair Oaks Water District - 866
1352,Lake Hemet Mwd,Lake Hemet Mwd - 1352
159,Beaumont Cherry Valley Water District,Beaumont Cherry Valley Water District - 159
2697,Western Mwd,Western Mwd - 2697
1273,Jurupa Community Services District,Jurupa Community Services District - 1273
842,Elsinore Valley Mwd,Elsinore Valley Mwd - 842
1215,City Of Huntington Beach,City Of Huntington Beach - 1215
55,Awa Buckhorn Plant,Awa Buckhorn Plant - 55
2466,Thermalito Water & Sewer District,Thermalito Water & Sewer District - 2466
412,Cal - Water Service Co. - Oroville,Cal - Water Service Co. - Oroville - 412
699,Del Oro Water Co. - Paradise Pines,Del Oro Water Co. - Paradise Pines - 699
739,Town Of Discovery Bay,Town Of Discovery Bay - 739
2337,South Feather W&P - Miners Ranch,South Feather W&P - Miners Ranch - 2337
1443,City Of Livermore,City Of Livermore - 1443
1554,City Of Martinez,City Of Martinez - 1554
1859,Paradise Irrigation District,Paradise Irrigation District - 1859
1925,City Of Pittsburg,City Of Pittsburg - 1925
401,California Water Service - Livermore,California Water Service - Livermore - 401
759,Dublin San Ramon Services District,Dublin San Ramon Services District - 759
1940,City Of Pleasanton,City Of Pleasanton - 1940
388,Cal - Water Service Co. - Chico,Cal - Water Service Co. - Chico - 388
82,City Of Antioch,City Of Antioch - 82
613,Contra Costa Water District,Contra Costa Water District - 613
23,Alameda County Water District,Alameda County Water District - 23
1756,"Norwalk - City, Water Department","Norwalk - City, Water Department - 1756"
2164,Sfpuc - Pleasanton Wells,Sfpuc - Pleasanton Wells - 2164
1143,City Of Hayward,City Of Hayward - 1143
351,Ccwd - Copper Cove,Ccwd - Copper Cove - 351
649,City Of Crescent City,City Of Crescent City - 649
351,Ccwd - Jenny Lind,Ccwd - Jenny Lind - 351
1031,Golden State Water Company - Bay Point,Golden State Water Company - Bay Point - 1031
351,Ccwd - Ebbetts Pass,Ccwd - Ebbetts Pass - 351
731,Diablo Water District,Diablo Water District - 731
264,Brentwood,Brentwood - 264
775,East Bay Mud,East Bay Mud - 775
2438,Sweetwater Springs Cwd - Monte Rio,Sweetwater Springs Cwd - Monte Rio - 2438
2438,Sweetwater Springs Cwd - Guerneville,Sweetwater Springs Cwd - Guerneville - 2438
572,City Of Cloverdale,City Of Cloverdale - 572
1729,City Of Newman - Water Department,City Of Newman - Water Department - 1729
1144,City Of Healdsburg,City Of Healdsburg - 1144
1613,City Of Millbrae,City Of Millbrae - 1613
1765,City Of Oakdale,City Of Oakdale - 1765
1656,City Of Morgan Hill,City Of Morgan Hill - 1656
2790,City Of Yuba City,City Of Yuba City - 2790
1894,City Of Petaluma,City Of Petaluma - 1894
2401,Suburban Water Systems - Glendora,Suburban Water Systems - Glendora - 2401
618,City Of Corcoran,City Of Corcoran - 618
1286,City Of Kerman,City Of Kerman - 1286
2979,City Of Chowchilla Water Department,City Of Chowchilla Water Department - 2979
920,City Of Fortuna,City Of Fortuna - 920
2042,City Of Reedley,City Of Reedley - 2042
1415,City Of Lemoore,City Of Lemoore - 1415
711,City Of Delano,City Of Delano - 711
814,City Of El Centro,City Of El Centro - 814
2402,Suburban Water Systems - La Mirada,Suburban Water Systems - La Mirada - 2402
2402,Suburban Water Systems - Whittier,Suburban Water Systems - Whittier - 2402
2401,Suburban Water Systems - San Jose,Suburban Water Systems - San Jose - 2401
1631,City Of Modesto - Salida,City Of Modesto - Salida - 1631
2103,City Of Rohnert Park,City Of Rohnert Park - 2103
2337,South Feather W&P - Bangor,South Feather W&P - Bangor - 2337
55,Awa La Mel Heights #3,Awa La Mel Heights #3 - 55
397,Cws - Split Mountain Water System,Cws - Split Mountain Water System - 397
816,El Dorado Id - Outingdale,El Dorado Id - Outingdale - 816
397,Cws - Lakeland,Cws - Lakeland - 397
397,Cws - Onyx Water System,Cws - Onyx Water System - 397
397,Cws - Upper Bodfish Water System,Cws - Upper Bodfish Water System - 397
397,Cws - Lower Bodfish Water System,Cws - Lower Bodfish Water System - 397
55,Awa - Camanche Village,Awa - Camanche Village - 55
816,El Dorado Id - Strawberry,El Dorado Id - Strawberry - 816
2164,Town Of Sunol - Sfpuc,Town Of Sunol - Sfpuc - 2164
2444,Tahoe City Public Utility District - Rubicon,Tahoe City Public Utility District - Rubicon - 2444
1484,"Los Angeles Cwwd 40, Reg. 35 - N.e. L.a","Los Angeles Cwwd 40, Reg. 35 - N.e. L.a - 1484"
1484,"Los Angeles Cwwd 40, Reg. 39 - Rock Creek","Los Angeles Cwwd 40, Reg. 39 - Rock Creek - 1484"
561,Citrus Heights Water District,Citrus Heights Water District - 561
2033,City Of Redding,City Of Redding - 2033
4993,Santa Clarita Valley W.a. - Tesoro Div,Santa Clarita Valley W.a. - Tesoro Div - 4993
1923,Pismo Beach Water Department,Pismo Beach Water Department - 1923
1869,Liberty Utilities - Compton,Liberty Utilities - Compton - 1869
1304,City Of Kingsburg,City Of Kingsburg - 1304
990,Georgetown Divide Public Utility District,Georgetown Divide Public Utility District - 990
578,Coalinga - City,Coalinga - City - 578
2662,City Of Wasco,City Of Wasco - 2662
1570,Mckinleyville Community Services District,Mckinleyville Community Services District - 1570
94,City Of Arcata,City Of Arcata - 94
262,City Of Brawley,City Of Brawley - 262
2205,City Of Sanger,City Of Sanger - 2205
421,Cws - Selma,Cws - Selma - 421
353,City Of Calexico,City Of Calexico - 353
859,City Of Eureka,City Of Eureka - 859
2348,South Tahoe Public Utility District - Main,South Tahoe Public Utility District - Main - 2348
574,City Of Clovis,City Of Clovis - 574
934,City Of Fresno,City Of Fresno - 934
2132,Southwest Tract W M D [Sws],Southwest Tract W M D [Sws] - 2132
1927,Placer Cwa - Bianchi Estates,Placer Cwa - Bianchi Estates - 1927
2326,City Of Sonoma,City Of Sonoma - 2326
2610,Valley Of The Moon Water District,Valley Of The Moon Water District - 2610
198,Department Of Water And Power,Department Of Water And Power - 198
198,Dwp - Fawnskin,Dwp - Fawnskin - 198
94,Jacoby Creek Community Services District,Jacoby Creek Community Services District - 94
351,Ccwd - West Point,Ccwd - West Point - 351
351,Ccwd - Sheep Ranch,Ccwd - Sheep Ranch - 351
351,Ccwd - Wallace,Ccwd - Wallace - 351
124,Bakman Water Company,Bakman Water Company - 124
1371,Lamont Public Utility District,Lamont Public Utility District - 1371
1225,City Of Imperial,City Of Imperial - 1225
1210,Humboldt Community Services District,Humboldt Community Services District - 1210
816,El Dorado Id - Main,El Dorado Id - Main - 816
1900,Pico Water District,Pico Water District - 1900
972,City Of Galt,City Of Galt - 972
2074,City Of Riverbank,City Of Riverbank - 2074
1631,City Of Modesto,City Of Modesto - 1631
2175,City Of Cupertino,City Of Cupertino - 2175
22,Alameda County Flood Control District Zone 7,Alameda County Flood Control District Zone 7 - 22
55,Amador Water Agency,Amador Water Agency - 55
79,Antelope Valley - East Kern Water Agency,Antelope Valley - East Kern Water Agency - 79
87,Apple Valley Ranchos Water Company,Apple Valley Ranchos Water Company - 87
99,City Of Arroyo Grande,City Of Arroyo Grande - 99
102,Arvin Community Service District,Arvin Community Service District - 102
159,Beaumont - Cherry Valley Water District,Beaumont - Cherry Valley Water District - 159
193,City Of Beverly Hills,City Of Beverly Hills - 193
197,Big Bear Community Services District,Big Bear Community Services District - 197
198,City Of Big Bear Lake,City Of Big Bear Lake - 198
264,City Of Brentwood,City Of Brentwood - 264
285,City Of Burbank,City Of Burbank - 285
351,Calaveras County Water District,Calaveras County Water District - 351
368,California American Water Company - Los Angeles Division,California American Water Company - Los Angeles Division - 368
369,California American Water Company - Monterey District,California American Water Company - Monterey District - 369
372,California American Water Company - Sacramento District,California American Water Company - Sacramento District - 372
373,California American Water Company - San Diego District,California American Water Company - San Diego District - 373
376,California American Water Company - Ventura District,California American Water Company - Ventura District - 376
384,California Water Service Company Antelope Valley,California Water Service Company Antelope Valley - 384
386,California Water Service Company Bakersfield,California Water Service Company Bakersfield - 386
387,California Water Service Company Bear Gulch,California Water Service Company Bear Gulch - 387
388,California Water Service Company Chico District,California Water Service Company Chico District - 388
390,City Of California Water Service Company Dixon,City Of California Water Service Company Dixon - 390
391,California Water Service Company Dominguez,California Water Service Company Dominguez - 391
392,California Water Service Company East Los Angeles,California Water Service Company East Los Angeles - 392
396,California Water Service Company Hermosa - Redondo,California Water Service Company Hermosa - Redondo - 396
397,California Water Service Company Kern River Valley,California Water Service Company Kern River Valley - 397
398,California Water Service Company King City,California Water Service Company King City - 398
401,California Water Service Company Livermore,California Water Service Company Livermore - 401
402,California Water Service Company Los Altos - Suburban,California Water Service Company Los Altos - Suburban - 402
405,California Water Service Company Marysville,California Water Service Company Marysville - 405
420,California Water Service Company Mid Peninsula,California Water Service Company Mid Peninsula - 420
412,California Water Service Company Oroville,California Water Service Company Oroville - 412
413,California Water Service Company Palos Verdes,California Water Service Company Palos Verdes - 413
416,California Water Service Company Redwood Valley,California Water Service Company Redwood Valley - 416
417,California Water Service Company Salinas District,California Water Service Company Salinas District - 417
421,California Water Service Company Selma,California Water Service Company Selma - 421
422,California Water Service Company South San Francisco,California Water Service Company South San Francisco - 422
424,California Water Service Company Stockton,California Water Service Company Stockton - 424
427,California Water Service Company Visalia,California Water Service Company Visalia - 427
428,California Water Service Company Westlake,California Water Service Company Westlake - 428
429,California Water Service Company Willows,California Water Service Company Willows - 429
433,Calleguas Municipal Water District,Calleguas Municipal Water District - 433
443,City Of Camarillo,City Of Camarillo - 443
445,Cambria Community Service District,Cambria Community Service District - 445
478,Carlsbad Municipal Water District,Carlsbad Municipal Water District - 478
1050,Casitas Municipal Water District - Ojai,Casitas Municipal Water District - Ojai - 1050
510,Central Basin Municipal Water District,Central Basin Municipal Water District - 510
514,Central Coast Water Authority,Central Coast Water Authority - 514
524,City Of Cerritos,City Of Cerritos - 524
546,Chino Basin Desalter Authority,Chino Basin Desalter Authority - 546
575,City Of Coachella,City Of Coachella - 575
577,Coachella Valley Water District,Coachella Valley Water District - 577
578,City Of Coalinga,City Of Coalinga - 578
607,City Of Compton,City Of Compton - 607
644,City Of Covina,City Of Covina - 644
649,Crescent City,Crescent City - 649
651,Crescenta Valley Community Water District,Crescenta Valley Community Water District - 651
654,Crestline Village Water District,Crestline Village Water District - 654
673,Daly City,Daly City - 673
699,Del Oro Water Company,Del Oro Water Company - 699
739,Discovery Bay Community Services District,Discovery Bay Community Services District - 739
2998,City Of Dixon,City Of Dixon - 2998
748,City Of Downey,City Of Downey - 748
775,East Bay Municipal Utility District,East Bay Municipal Utility District - 775
785,East Orange County Water District,East Orange County Water District - 785
816,El Dorado Irrigation District,El Dorado Irrigation District - 816
821,City Of El Monte,City Of El Monte - 821
827,City Of El Segundo,City Of El Segundo - 827
842,Elsinore Valley Municipal Water District,Elsinore Valley Municipal Water District - 842
890,City Of Fillmore,City Of Fillmore - 890
904,City Of Folsom,City Of Folsom - 904
909,Foothill Municipal Water District,Foothill Municipal Water District - 909
1004,City Of Glendale,City Of Glendale - 1004
1005,City Of Glendora,City Of Glendora - 1005
1029,Golden State Water Company - Artesia,Golden State Water Company - Artesia - 1029
1030,Golden State Water Company - Barstow,Golden State Water Company - Barstow - 1030
1032,Golden State Water Company - Bell - Bell Gardens,Golden State Water Company - Bell - Bell Gardens - 1032
1034,Golden State Water Company - Claremont,Golden State Water Company - Claremont - 1034
1036,Golden State Water Company - Cordova,Golden State Water Company - Cordova - 1036
1038,Golden State Water Company - Culver City,Golden State Water Company - Culver City - 1038
1041,Golden State Water Company - Florence Graham,Golden State Water Company - Florence Graham - 1041
1049,Golden State Water Company - Norwalk,Golden State Water Company - Norwalk - 1049
1053,Golden State Water Company - Placentia,Golden State Water Company - Placentia - 1053
1054,Golden State Water Company - San Dimas,Golden State Water Company - San Dimas - 1054
1058,Golden State Water Company - South Arcadia,Golden State Water Company - South Arcadia - 1058
1059,Golden State Water Company - South San Gabriel,Golden State Water Company - South San Gabriel - 1059
1060,Golden State Water Company - Southwest,Golden State Water Company - Southwest - 1060
1062,Golden State Water Company - West Orange,Golden State Water Company - West Orange - 1062
1083,Great Oaks Water Company Incorporated,Great Oaks Water Company Incorporated - 1083
1109,Groveland Community Services District,Groveland Community Services District - 1109
1110,City Of Grover Beach,City Of Grover Beach - 1110
1142,City Of Hawthorne,City Of Hawthorne - 1142
1209,Humboldt Bay Municipal Water District,Humboldt Bay Municipal Water District - 1209
1217,City Of Huntington Park,City Of Huntington Park - 1217
1234,Indian Wells Valley Water District,Indian Wells Valley Water District - 1234
1236,City Of Indio,City Of Indio - 1236
1238,City Of Inglewood,City Of Inglewood - 1238
1239,Inland Empire Utilities Agency,Inland Empire Utilities Agency - 1239
1273,Jurupa Community Service District,Jurupa Community Service District - 1273
1288,Kern County Water Agency Improvement District No 4,Kern County Water Agency Improvement District No 4 - 1288
1333,City Of La Verne,City Of La Verne - 1333
1352,Lake Hemet Municipal Water District,Lake Hemet Municipal Water District - 1352
1370,City Of Lakewood,City Of Lakewood - 1370
1384,Las Virgenes Municipal Water District,Las Virgenes Municipal Water District - 1384
1869,Liberty Utilities Park Water Corporation,Liberty Utilities Park Water Corporation - 1869
1425,Lincoln Avenue Water Company,Lincoln Avenue Water Company - 1425
1456,City Of Lomita,City Of Lomita - 1456
1459,City Of Lompoc,City Of Lompoc - 1459
1464,City Of Long Beach,City Of Long Beach - 1464
1473,Los Angeles City Department Of Water And Power,Los Angeles City Department Of Water And Power - 1473
1481,Los Angeles County Waterworks District 29 - Malibu & Marina Del Rey,Los Angeles County Waterworks District 29 - Malibu & Marina Del Rey - 1481
1484,Los Angeles County Waterworks District 40 - Antelope Valley,Los Angeles County Waterworks District 40 - Antelope Valley - 1484
1506,City Of Lynwood,City Of Lynwood - 1506
1533,Mammoth Community Water District,Mammoth Community Water District - 1533
1536,City Of Manhattan Beach,City Of Manhattan Beach - 1536
3056,City Of Mcfarland,City Of Mcfarland - 3056
1587,City Of Menlo Park,City Of Menlo Park - 1587
1599,Metropolitan Water District Of Southern California,Metropolitan Water District Of Southern California - 1599
1632,Modesto Irrigation District,Modesto Irrigation District - 1632
1635,Mojave Water Agency,Mojave Water Agency - 1635
1639,City Of Monrovia,City Of Monrovia - 1639
1644,Montebello Land And Water Company,Montebello Land And Water Company - 1644
1650,City Of Monterey Park,City Of Monterey Park - 1650
1660,City Of Morro Bay,City Of Morro Bay - 1660
1684,Municipal Water District Of Orange County Mwdoc,Municipal Water District Of Orange County Mwdoc - 1684
1718,Nevada Irrigation District,Nevada Irrigation District - 1718
1729,City Of Newman,City Of Newman - 1729
1731,Nipomo Community Service District,Nipomo Community Service District - 1731
1752,North Tahoe Public Utilities District,North Tahoe Public Utilities District - 1752
1756,City Of Norwalk,City Of Norwalk - 1756
1792,Olivehurst Public Utilities District,Olivehurst Public Utilities District - 1792
1793,Olivenhain Municipal Water District,Olivenhain Municipal Water District - 1793
1795,City Of Ontario,City Of Ontario - 1795
1803,Orangevale Water Company,Orangevale Water Company - 1803
1827,City Of Oxnard,City Of Oxnard - 1827
1838,Padre Dam Municipal Water District,Padre Dam Municipal Water District - 1838
1866,City Of Paramount,City Of Paramount - 1866
1873,City Of Pasadena,City Of Pasadena - 1873
1875,City Of Paso Robles,City Of Paso Robles - 1875
1899,City Of Pico Rivera,City Of Pico Rivera - 1899
1923,City Of Pismo Beach,City Of Pismo Beach - 1923
1927,Placer County Water Agency,Placer County Water Agency - 1927
1945,City Of Pomona,City Of Pomona - 1945
1953,City Of Port Hueneme,City Of Port Hueneme - 1953
1954,Port Hueneme Water Agency,Port Hueneme Water Agency - 1954
2035,City Of Redlands,City Of Redlands - 2035
2037,Redwood City,Redwood City - 2037
2057,Rincon Del Diablo Municipal Water District,Rincon Del Diablo Municipal Water District - 2057
2107,Rosamond Community Service District,Rosamond Community Service District - 2107
2118,Rubidoux Community Service District,Rubidoux Community Service District - 2118
2119,Rubio Canyon Land And Water Association,Rubio Canyon Land And Water Association - 2119
2130,City Of Sacramento,City Of Sacramento - 2130
2132,Sacramento County Water Agency,Sacramento County Water Agency - 2132
2146,San Antonio Water Company,San Antonio Water Company - 2146
2149,San Benito County Water District,San Benito County Water District - 2149
2150,City Of San Bernardino,City Of San Bernardino - 2150
2154,San Bernardino County Service Area 64 Spring Valley Lake,San Bernardino County Service Area 64 Spring Valley Lake - 2154
2891,San Bernardino County Service Area 70 J Oak Hills,San Bernardino County Service Area 70 J Oak Hills - 2891
2156,San Bernardino Valley Municipal Water District,San Bernardino Valley Municipal Water District - 2156
2158,City Of San Buenaventura,City Of San Buenaventura - 2158
2161,San Diego County Water Authority,San Diego County Water Authority - 2161
2163,City Of San Fernando,City Of San Fernando - 2163
2164,San Francisco Public Utilities Commission,San Francisco Public Utilities Commission - 2164
3994,San Gabriel Valley Municipal Water District,San Gabriel Valley Municipal Water District - 3994
2167,San Gabriel Valley Water Company,San Gabriel Valley Water Company - 2167
2166,San Gabriel Valley Water Company Fontana Division,San Gabriel Valley Water Company Fontana Division - 2166
2168,San Gorgonio Pass Water Agency,San Gorgonio Pass Water Agency - 2168
2174,City Of San Jose,City Of San Jose - 2174
2175,San Jose Water Company,San Jose Water Company - 2175
2182,City Of San Luis Obispo,City Of San Luis Obispo - 2182
2184,San Luis Obispo County Flood Control And Water Conservation,San Luis Obispo County Flood Control And Water Conservation - 2184
2209,City Of Santa Barbara,City Of Santa Barbara - 2209
2211,Santa Clara Valley Water District,Santa Clara Valley Water District - 2211
4993,Santa Clarita Valley Water Agency,Santa Clarita Valley Water Agency - 4993
2213,City Of Santa Cruz,City Of Santa Cruz - 2213
2215,City Of Santa Fe Springs,City Of Santa Fe Springs - 2215
2218,City Of Santa Maria,City Of Santa Maria - 2218
2220,City Of Santa Monica,City Of Santa Monica - 2220
2251,Serrano Water District,Serrano Water District - 2251
2290,City Of Sierra Madre,City Of Sierra Madre - 2290
2298,City Of Signal Hill,City Of Signal Hill - 2298
2328,Sonoma County Water Agency,Sonoma County Water Agency - 2328
2337,South Feather Water And Power,South Feather Water And Power - 2337
2341,City Of South Gate,City Of South Gate - 2341
2343,South Mesa Water Company,South Mesa Water Company - 2343
2346,South San Joaquin Irrigation District,South San Joaquin Irrigation District - 2346
2348,South Tahoe Public Utility District,South Tahoe Public Utility District - 2348
2382,Stockton East Water District,Stockton East Water District - 2382
2401,Suburban Water Systems - San Jose Hills,Suburban Water Systems - San Jose Hills - 2401
2402,Suburban Water Systems - Whittier - La Mirada,Suburban Water Systems - Whittier - La Mirada - 2402
2419,Sunny Slope Water Company,Sunny Slope Water Company - 2419
2438,Sweetwater Springs Water District,Sweetwater Springs Water District - 2438
2444,Tahoe City Public Utilities District,Tahoe City Public Utilities District - 2444
2457,Templeton Community Services District,Templeton Community Services District - 2457
440,Test Agency 3,Test Agency 3 - 440
2466,Thermalito Water And Sewer District,Thermalito Water And Sewer District - 2466
2473,Three Valleys Municipal Water District,Three Valleys Municipal Water District - 2473
2487,City Of Torrance,City Of Torrance - 2487
2510,Triunfo Sanitation District - Oak Park Water Service,Triunfo Sanitation District - Oak Park Water Service - 2510
2512,Truckee - Donner Public Utilities District,Truckee - Donner Public Utilities District - 2512
2523,Tuolumne Utilities District,Tuolumne Utilities District - 2523
2540,United Water Conservation District,United Water Conservation District - 2540
2543,Upper San Gabriel Valley Municipal Water,Upper San Gabriel Valley Municipal Water - 2543
2604,Valley Center Municipal Water District,Valley Center Municipal Water District - 2604
2618,Valley Water Company,Valley Water Company - 2618
2626,Vaughn Water Company,Vaughn Water Company - 2626
2629,Ventura County Waterworks District No 01 - Moorpark,Ventura County Waterworks District No 01 - Moorpark - 2629
2631,Ventura County Waterworks District No 08 - Simi Valley,Ventura County Waterworks District No 08 - Simi Valley - 2631
2633,City Of Vernon,City Of Vernon - 2633
2667,Water Facilities Authority,Water Facilities Authority - 2667
2675,West Basin Municipal Water District,West Basin Municipal Water District - 2675
2697,Western Municipal Water District Of Riverside,Western Municipal Water District Of Riverside - 2697
2723,City Of Whittier,City Of Whittier - 2723
4811,Woodland - Davis Clean Water Agency,Woodland - Davis Clean Water Agency - 4811
2790,Yuba City,Yuba City - 2790
645,Covina Irrigating Company,Covina Irrigating Company - 645
378,California City,California City - 378
390,California Water Service Company Dixon,California Water Service Company Dixon - 390
